pc	taiyo-ryujin	before	R1	鉄壁の構え	GUARD	brace	body=rl-brace	tone=-	otomo=-	deal=0	ap=-	strikeAnim=false	anim=rl-brace	lock=424	disp=5	pair=-	scale=-1 1	intent=true	hs=false
pc	taiyo-ryujin	before	R2	予言	TEMPO	deal	body=-	tone=-	otomo=-	deal=2	ap=-	strikeAnim=false	anim=-	lock=1094.0999999998603	disp=0	pair=-	scale=-1 1	intent=true	hs=false
pc	taiyo-ryujin	before	R2	姉御の号令	EMPOWER	rise	body=rl-rise	tone=rl-tone-power	otomo=-	deal=2	ap=-	strikeAnim=false	anim=rl-rise	lock=629.3999999999069	disp=23	pair=-	scale=-1 1	intent=true	hs=false
pc	taiyo-ryujin	before	R2	加護の託宣	GUARD	brace	body=rl-brace	tone=-	otomo=-	deal=0	ap=-	strikeAnim=false	anim=rl-brace	lock=1408	disp=26	pair=-	scale=-1 1	intent=true	hs=false
pc	taiyo-ryujin	before	R3	巫女の舞	MEND	breathe	body=rl-breathe	tone=-	otomo=rl-otomo-subtle	deal=0	ap=-	strikeAnim=false	anim=rl-breathe,rl-otomo-subtle	lock=573.5	disp=0	pair=-	scale=-1 1	intent=true	hs=false
pc	taiyo-ryujin	before	R3	神楽舞	ATTUNE	rise	body=rl-rise	tone=rl-tone-resonance	otomo=rl-otomo-subtle	deal=0	ap=-	strikeAnim=false	anim=rl-rise,rl-otomo-subtle	lock=361.19999999995343	disp=26	pair=-	scale=-1 1	intent=true	hs=false
pc	taiyo-ryujin	before	R3	一撃	STRIKE	strike	body=-	tone=rl-tone-resonance	otomo=-	deal=0	ap=-	strikeAnim=true	anim=god-strike	lock=295.60000000009313	disp=0	pair=-	scale=-1 1	intent=true	hs=false
pc	taiyo-ryujin	before	R3	導きの託宣	TEMPO	deal	body=-	tone=-	otomo=-	deal=1	ap=rl-ap-flash	strikeAnim=false	anim=-	lock=2316	disp=0	pair=-	scale=-1 1	intent=true	hs=false
pc	taiyo-ryujin	after	R1	鉄壁の構え	GUARD	brace	body=rl-brace	tone=-	otomo=-	deal=0	ap=-	strikeAnim=false	anim=rl-brace	lock=390.19999999995343	disp=26	pair=207	scale=-1 1	intent=true	hs=false
pc	taiyo-ryujin	after	R2	予言	TEMPO	deal	body=-	tone=-	otomo=-	deal=2	ap=-	strikeAnim=false	anim=-	lock=298.9000000001397	disp=0	pair=207	scale=-1 1	intent=true	hs=false
pc	taiyo-ryujin	after	R2	姉御の号令	EMPOWER	rise	body=rl-rise	tone=rl-tone-power	otomo=-	deal=2	ap=-	strikeAnim=false	anim=rl-rise	lock=286.69999999995343	disp=26	pair=207	scale=-1 1	intent=true	hs=false
pc	taiyo-ryujin	after	R2	加護の託宣	GUARD	brace	body=rl-brace	tone=-	otomo=-	deal=0	ap=-	strikeAnim=false	anim=rl-brace	lock=1118	disp=0	pair=207	scale=-1 1	intent=true	hs=false
pc	taiyo-ryujin	after	R3	巫女の舞	MEND	breathe	body=rl-breathe	tone=-	otomo=rl-otomo-subtle	deal=0	ap=-	strikeAnim=false	anim=rl-breathe,rl-otomo-subtle	lock=293.10000000009313	disp=0	pair=207	scale=-1 1	intent=true	hs=false
pc	taiyo-ryujin	after	R3	神楽舞	ATTUNE	rise	body=rl-rise	tone=rl-tone-resonance	otomo=rl-otomo-subtle	deal=0	ap=-	strikeAnim=false	anim=rl-rise,rl-otomo-subtle	lock=465.80000000004657	disp=0	pair=207	scale=-1 1	intent=true	hs=false
pc	taiyo-ryujin	after	R3	一撃	STRIKE	strike	body=-	tone=rl-tone-resonance	otomo=-	deal=0	ap=-	strikeAnim=true	anim=god-strike	lock=356.19999999995343	disp=0	pair=207	scale=-1 1	intent=true	hs=false
pc	taiyo-ryujin	after	R3	導きの託宣	TEMPO	deal	body=-	tone=-	otomo=-	deal=1	ap=rl-ap-flash	strikeAnim=false	anim=-	lock=1696	disp=0	pair=207	scale=-1 1	intent=true	hs=false
pc	taiyo-ryujin	after/reduced	R1	鉄壁の構え	GUARD	brace	body=rl-rim-only	tone=-	otomo=-	deal=0	ap=-	strikeAnim=false	anim=rl-rim-only	lock=296.9000000001397	disp=26	pair=-	scale=-1 1	intent=true	hs=false
pc	taiyo-ryujin	after/reduced	R2	予言	TEMPO	deal	body=-	tone=-	otomo=-	deal=2	ap=-	strikeAnim=false	anim=-	lock=287.89999999990687	disp=0	pair=-	scale=-1 1	intent=true	hs=false
pc	taiyo-ryujin	after/reduced	R2	姉御の号令	EMPOWER	rise	body=rl-rim-only	tone=rl-tone-power	otomo=-	deal=2	ap=-	strikeAnim=false	anim=rl-rim-only	lock=289.19999999995343	disp=26	pair=-	scale=-1 1	intent=true	hs=false
pc	taiyo-ryujin	after/reduced	R2	加護の託宣	GUARD	brace	body=rl-rim-only	tone=-	otomo=-	deal=0	ap=-	strikeAnim=false	anim=rl-rim-only	lock=2002	disp=0	pair=-	scale=-1 1	intent=true	hs=false
pc	taiyo-ryujin	after/reduced	R3	巫女の舞	MEND	breathe	body=rl-rim-only	tone=-	otomo=rl-otomo-rim	deal=0	ap=-	strikeAnim=false	anim=rl-rim-only,rl-otomo-rim	lock=328.30000000004657	disp=0	pair=-	scale=-1 1	intent=true	hs=false
pc	taiyo-ryujin	after/reduced	R3	神楽舞	ATTUNE	rise	body=rl-rim-only	tone=rl-tone-resonance	otomo=rl-otomo-rim	deal=0	ap=-	strikeAnim=false	anim=rl-rim-only,rl-otomo-rim	lock=457.5999999998603	disp=0	pair=-	scale=-1 1	intent=true	hs=false
pc	taiyo-ryujin	after/reduced	R3	一撃	STRIKE	strike	body=-	tone=rl-tone-resonance	otomo=-	deal=0	ap=-	strikeAnim=false	anim=-	lock=378.29999999981374	disp=0	pair=-	scale=-1 1	intent=true	hs=false
pc	taiyo-ryujin	after/reduced	R3	導きの託宣	TEMPO	deal	body=-	tone=-	otomo=-	deal=1	ap=rl-ap-flash	strikeAnim=false	anim=-	lock=2793	disp=0	pair=-	scale=-1 1	intent=true	hs=false
pc	juraku-doukeshi	before	R1	気まぐれ	ATTUNE	rise	body=rl-rise	tone=rl-tone-resonance	otomo=rl-otomo-subtle	deal=0	ap=-	strikeAnim=false	anim=rl-rise,rl-otomo-subtle	lock=296.60000000009313	disp=0	pair=-	scale=-1 1	intent=true	hs=false
pc	juraku-doukeshi	before	R1	悪戯	WEAKEN	stagger	body=rl-stagger	tone=rl-tone-resonance	otomo=-	deal=0	ap=-	strikeAnim=false	anim=rl-stagger	lock=289.19999999995343	disp=26	pair=-	scale=-1 1	intent=true	hs=false
pc	juraku-doukeshi	before	R2	長生きの知恵	GUARD	brace	body=rl-brace	tone=-	otomo=-	deal=0	ap=-	strikeAnim=false	anim=rl-brace	lock=287	disp=5	pair=-	scale=-1 1	intent=true	hs=false
pc	juraku-doukeshi	before	R2	予言	TEMPO	deal	body=-	tone=-	otomo=-	deal=2	ap=-	strikeAnim=false	anim=-	lock=455.19999999995343	disp=0	pair=-	scale=-1 1	intent=true	hs=false
pc	juraku-doukeshi	before	R2	加護の託宣	GUARD	brace	body=rl-brace	tone=-	otomo=-	deal=0	ap=-	strikeAnim=false	anim=rl-brace	lock=3169	disp=0	pair=-	scale=-1 1	intent=true	hs=false
pc	juraku-doukeshi	before	R3	渾身の一撃	STRIKE	strike	body=-	tone=-	otomo=-	deal=0	ap=-	strikeAnim=true	anim=god-strike-heavy	lock=389.60000000009313	disp=26	pair=-	scale=-1 1	intent=true	hs=false
pc	juraku-doukeshi	before	R4	浄めの光	MEND	breathe	body=rl-breathe	tone=-	otomo=rl-otomo-subtle	deal=0	ap=-	strikeAnim=false	anim=rl-breathe,rl-otomo-subtle	lock=347.5999999998603	disp=26	pair=-	scale=-1 1	intent=true	hs=false
pc	juraku-doukeshi	after	R1	気まぐれ	ATTUNE	rise	body=rl-rise	tone=rl-tone-resonance	otomo=rl-otomo-subtle	deal=0	ap=-	strikeAnim=false	anim=rl-rise,rl-otomo-subtle	lock=297	disp=0	pair=207	scale=-1 1	intent=true	hs=false
pc	juraku-doukeshi	after	R1	悪戯	WEAKEN	stagger	body=rl-stagger	tone=rl-tone-resonance	otomo=-	deal=0	ap=-	strikeAnim=false	anim=rl-stagger	lock=300.9000000001397	disp=0	pair=207	scale=-1 1	intent=true	hs=false
pc	juraku-doukeshi	after	R2	長生きの知恵	GUARD	brace	body=rl-brace	tone=-	otomo=-	deal=0	ap=-	strikeAnim=false	anim=rl-brace	lock=290.69999999995343	disp=26	pair=207	scale=-1 1	intent=true	hs=false
pc	juraku-doukeshi	after	R2	予言	TEMPO	deal	body=-	tone=-	otomo=-	deal=2	ap=-	strikeAnim=false	anim=-	lock=595.5	disp=0	pair=207	scale=-1 1	intent=true	hs=false
pc	juraku-doukeshi	after	R2	加護の託宣	GUARD	brace	body=rl-brace	tone=-	otomo=-	deal=0	ap=-	strikeAnim=false	anim=rl-brace	lock=2014	disp=0	pair=207	scale=-1 1	intent=true	hs=false
pc	juraku-doukeshi	after	R3	渾身の一撃	STRIKE	strike	body=-	tone=-	otomo=-	deal=0	ap=-	strikeAnim=true	anim=god-strike-heavy	lock=373.5	disp=0	pair=207	scale=-1 1	intent=true	hs=false
pc	juraku-doukeshi	after	R4	浄めの光	MEND	breathe	body=rl-breathe	tone=-	otomo=rl-otomo-subtle	deal=0	ap=-	strikeAnim=false	anim=rl-breathe,rl-otomo-subtle	lock=288.69999999995343	disp=0	pair=207	scale=-1 1	intent=true	hs=false
pc	juraku-doukeshi	after/reduced	R1	気まぐれ	ATTUNE	rise	body=rl-rim-only	tone=rl-tone-resonance	otomo=rl-otomo-rim	deal=0	ap=-	strikeAnim=false	anim=rl-rim-only,rl-otomo-rim	lock=291.0999999998603	disp=0	pair=-	scale=-1 1	intent=true	hs=false
pc	juraku-doukeshi	after/reduced	R1	悪戯	WEAKEN	stagger	body=rl-stagger-dim	tone=rl-tone-resonance	otomo=-	deal=0	ap=-	strikeAnim=false	anim=rl-stagger-dim	lock=306.5	disp=0	pair=-	scale=-1 1	intent=true	hs=false
pc	juraku-doukeshi	after/reduced	R2	長生きの知恵	GUARD	brace	body=rl-rim-only	tone=-	otomo=-	deal=0	ap=-	strikeAnim=false	anim=rl-rim-only	lock=299.30000000004657	disp=26	pair=-	scale=-1 1	intent=true	hs=false
pc	juraku-doukeshi	after/reduced	R2	予言	TEMPO	deal	body=-	tone=-	otomo=-	deal=2	ap=-	strikeAnim=false	anim=-	lock=455.5	disp=0	pair=-	scale=-1 1	intent=true	hs=false
pc	juraku-doukeshi	after/reduced	R2	加護の託宣	GUARD	brace	body=rl-rim-only	tone=-	otomo=-	deal=0	ap=-	strikeAnim=false	anim=rl-rim-only	lock=2453	disp=0	pair=-	scale=-1 1	intent=true	hs=false
pc	juraku-doukeshi	after/reduced	R3	渾身の一撃	STRIKE	strike	body=-	tone=-	otomo=-	deal=0	ap=-	strikeAnim=false	anim=-	lock=362	disp=0	pair=-	scale=-1 1	intent=true	hs=false
pc	juraku-doukeshi	after/reduced	R4	浄めの光	MEND	breathe	body=rl-rim-only	tone=-	otomo=rl-otomo-rim	deal=0	ap=-	strikeAnim=false	anim=rl-rim-only,rl-otomo-rim	lock=300	disp=0	pair=-	scale=-1 1	intent=true	hs=false
sp	taiyo-ryujin	before	R1	鉄壁の構え	GUARD	brace	body=rl-brace	tone=-	otomo=-	deal=0	ap=-	strikeAnim=false	anim=rl-brace	lock=295.19999999995343	disp=0	pair=-	scale=-1 1	intent=true	hs=false
sp	taiyo-ryujin	before	R2	予言	TEMPO	deal	body=-	tone=-	otomo=-	deal=2	ap=-	strikeAnim=false	anim=-	lock=293.80000000004657	disp=0	pair=-	scale=-1 1	intent=true	hs=false
sp	taiyo-ryujin	before	R2	姉御の号令	EMPOWER	rise	body=rl-rise	tone=rl-tone-power	otomo=-	deal=2	ap=-	strikeAnim=false	anim=rl-rise	lock=310.30000000004657	disp=0	pair=-	scale=-1 1	intent=true	hs=false
sp	taiyo-ryujin	before	R2	加護の託宣	GUARD	brace	body=rl-brace	tone=-	otomo=-	deal=0	ap=-	strikeAnim=false	anim=rl-brace	lock=1134	disp=15	pair=-	scale=-1 1	intent=true	hs=false
sp	taiyo-ryujin	before	R3	巫女の舞	MEND	breathe	body=rl-breathe	tone=-	otomo=rl-otomo-subtle	deal=0	ap=-	strikeAnim=false	anim=rl-breathe,rl-otomo-subtle	lock=328.10000000009313	disp=0	pair=-	scale=-1 1	intent=true	hs=false
sp	taiyo-ryujin	before	R3	神楽舞	ATTUNE	rise	body=rl-rise	tone=rl-tone-resonance	otomo=rl-otomo-subtle	deal=0	ap=-	strikeAnim=false	anim=rl-rise,rl-otomo-subtle	lock=349.69999999995343	disp=15	pair=-	scale=-1 1	intent=true	hs=false
sp	taiyo-ryujin	before	R3	一撃	STRIKE	strike	body=-	tone=rl-tone-resonance	otomo=-	deal=0	ap=-	strikeAnim=true	anim=god-strike	lock=333.5	disp=0	pair=-	scale=-1 1	intent=true	hs=false
sp	taiyo-ryujin	before	R3	導きの託宣	TEMPO	deal	body=-	tone=-	otomo=-	deal=1	ap=rl-ap-flash	strikeAnim=false	anim=-	lock=1589	disp=15	pair=-	scale=-1 1	intent=true	hs=false
sp	taiyo-ryujin	after	R1	鉄壁の構え	GUARD	brace	body=rl-brace	tone=-	otomo=-	deal=0	ap=-	strikeAnim=false	anim=rl-brace	lock=297.69999999995343	disp=19	pair=81	scale=-1 1	intent=true	hs=false
sp	taiyo-ryujin	after	R2	予言	TEMPO	deal	body=-	tone=-	otomo=-	deal=2	ap=-	strikeAnim=false	anim=-	lock=290.69999999995343	disp=0	pair=79	scale=-1 1	intent=true	hs=false
sp	taiyo-ryujin	after	R2	姉御の号令	EMPOWER	rise	body=rl-rise	tone=rl-tone-power	otomo=-	deal=2	ap=-	strikeAnim=false	anim=rl-rise	lock=297.39999999990687	disp=19	pair=81	scale=-1 1	intent=true	hs=false
sp	taiyo-ryujin	after	R2	加護の託宣	GUARD	brace	body=rl-brace	tone=-	otomo=-	deal=0	ap=-	strikeAnim=false	anim=rl-brace	lock=1517	disp=15	pair=81	scale=-1 1	intent=true	hs=false
sp	taiyo-ryujin	after	R3	巫女の舞	MEND	breathe	body=rl-breathe	tone=-	otomo=rl-otomo-subtle	deal=0	ap=-	strikeAnim=false	anim=rl-breathe,rl-otomo-subtle	lock=318.5	disp=0	pair=81	scale=-1 1	intent=true	hs=false
sp	taiyo-ryujin	after	R3	神楽舞	ATTUNE	rise	body=rl-rise	tone=rl-tone-resonance	otomo=rl-otomo-subtle	deal=0	ap=-	strikeAnim=false	anim=rl-rise,rl-otomo-subtle	lock=366.39999999990687	disp=0	pair=81	scale=-1 1	intent=true	hs=false
sp	taiyo-ryujin	after	R3	一撃	STRIKE	strike	body=-	tone=rl-tone-resonance	otomo=-	deal=0	ap=-	strikeAnim=true	anim=god-strike	lock=289.79999999981374	disp=0	pair=81	scale=-1 1	intent=true	hs=false
sp	taiyo-ryujin	after	R3	導きの託宣	TEMPO	deal	body=-	tone=-	otomo=-	deal=1	ap=rl-ap-flash	strikeAnim=false	anim=-	lock=2020	disp=15	pair=81	scale=-1 1	intent=true	hs=false
sp	juraku-doukeshi	before	R1	気まぐれ	ATTUNE	rise	body=rl-rise	tone=rl-tone-resonance	otomo=rl-otomo-subtle	deal=0	ap=-	strikeAnim=false	anim=rl-rise,rl-otomo-subtle	lock=296.29999999981374	disp=0	pair=-	scale=-1 1	intent=true	hs=false
sp	juraku-doukeshi	before	R1	悪戯	WEAKEN	stagger	body=rl-stagger	tone=rl-tone-resonance	otomo=-	deal=0	ap=-	strikeAnim=false	anim=rl-stagger	lock=291	disp=17	pair=-	scale=-1 1	intent=true	hs=false
sp	juraku-doukeshi	before	R2	長生きの知恵	GUARD	brace	body=rl-brace	tone=-	otomo=-	deal=0	ap=-	strikeAnim=false	anim=rl-brace	lock=297.30000000004657	disp=0	pair=-	scale=-1 1	intent=true	hs=false
sp	juraku-doukeshi	before	R2	予言	TEMPO	deal	body=-	tone=-	otomo=-	deal=2	ap=-	strikeAnim=false	anim=-	lock=289.10000000009313	disp=0	pair=-	scale=-1 1	intent=true	hs=false
sp	juraku-doukeshi	before	R2	加護の託宣	GUARD	brace	body=rl-brace	tone=-	otomo=-	deal=0	ap=-	strikeAnim=false	anim=rl-brace	lock=1811	disp=15	pair=-	scale=-1 1	intent=true	hs=false
sp	juraku-doukeshi	before	R3	渾身の一撃	STRIKE	strike	body=-	tone=-	otomo=-	deal=0	ap=-	strikeAnim=true	anim=god-strike-heavy	lock=320.69999999995343	disp=17	pair=-	scale=-1 1	intent=true	hs=false
sp	juraku-doukeshi	before	R4	浄めの光	MEND	breathe	body=rl-breathe	tone=-	otomo=rl-otomo-subtle	deal=0	ap=-	strikeAnim=false	anim=rl-breathe,rl-otomo-subtle	lock=299.69999999995343	disp=17	pair=-	scale=-1 1	intent=true	hs=false
sp	juraku-doukeshi	after	R1	気まぐれ	ATTUNE	rise	body=rl-rise	tone=rl-tone-resonance	otomo=rl-otomo-subtle	deal=0	ap=-	strikeAnim=false	anim=rl-rise,rl-otomo-subtle	lock=297.19999999995343	disp=0	pair=79	scale=-1 1	intent=true	hs=false
sp	juraku-doukeshi	after	R1	悪戯	WEAKEN	stagger	body=rl-stagger	tone=rl-tone-resonance	otomo=-	deal=0	ap=-	strikeAnim=false	anim=rl-stagger	lock=288.4000000001397	disp=0	pair=79	scale=-1 1	intent=true	hs=false
sp	juraku-doukeshi	after	R2	長生きの知恵	GUARD	brace	body=rl-brace	tone=-	otomo=-	deal=0	ap=-	strikeAnim=false	anim=rl-brace	lock=286.0999999998603	disp=19	pair=81	scale=-1 1	intent=true	hs=false
sp	juraku-doukeshi	after	R2	予言	TEMPO	deal	body=-	tone=-	otomo=-	deal=2	ap=-	strikeAnim=false	anim=-	lock=361	disp=0	pair=81	scale=-1 1	intent=true	hs=false
sp	juraku-doukeshi	after	R2	加護の託宣	GUARD	brace	body=rl-brace	tone=-	otomo=-	deal=0	ap=-	strikeAnim=false	anim=rl-brace	lock=2426	disp=15	pair=81	scale=-1 1	intent=true	hs=false
sp	juraku-doukeshi	after	R3	渾身の一撃	STRIKE	strike	body=-	tone=-	otomo=-	deal=0	ap=-	strikeAnim=true	anim=god-strike-heavy	lock=691.5	disp=17	pair=79	scale=-1 1	intent=true	hs=false
sp	juraku-doukeshi	after	R4	浄めの光	MEND	breathe	body=rl-breathe	tone=-	otomo=rl-otomo-subtle	deal=0	ap=-	strikeAnim=false	anim=rl-breathe,rl-otomo-subtle	lock=292.5	disp=0	pair=79	scale=-1 1	intent=true	hs=false