pc	taiyo-ryujin	before	R1	鉄壁の構え	GUARD	brace	body=-	tone=-	otomo=-	deal=0	ap=-	strikeAnim=false	anim=-	lock=289.3999999985099	disp=5	pair=-	scale=-1 1	intent=true	hs=false
pc	taiyo-ryujin	before	R2	予言	TEMPO	deal	body=-	tone=-	otomo=-	deal=0	ap=-	strikeAnim=false	anim=-	lock=286.69999999925494	disp=0	pair=-	scale=-1 1	intent=true	hs=false
pc	taiyo-ryujin	before	R2	姉御の号令	EMPOWER	rise	body=-	tone=-	otomo=-	deal=0	ap=-	strikeAnim=false	anim=-	lock=287	disp=5	pair=-	scale=-1 1	intent=true	hs=false
pc	taiyo-ryujin	before	R2	加護の託宣	GUARD	brace	body=-	tone=-	otomo=-	deal=0	ap=-	strikeAnim=false	anim=-	lock=1094	disp=0	pair=-	scale=-1 1	intent=true	hs=false
pc	taiyo-ryujin	before	R3	巫女の舞	MEND	breathe	body=-	tone=-	otomo=-	deal=0	ap=-	strikeAnim=false	anim=-	lock=349.8999999985099	disp=0	pair=-	scale=-1 1	intent=true	hs=false
pc	taiyo-ryujin	before	R3	神楽舞	ATTUNE	rise	body=-	tone=-	otomo=-	deal=0	ap=-	strikeAnim=false	anim=-	lock=367.5	disp=0	pair=-	scale=-1 1	intent=true	hs=false
pc	taiyo-ryujin	before	R3	一撃	STRIKE	strike	body=-	tone=-	otomo=-	deal=0	ap=-	strikeAnim=true	anim=god-strike	lock=286.5	disp=0	pair=-	scale=-1 1	intent=true	hs=false
pc	taiyo-ryujin	before	R3	導きの託宣	TEMPO	deal	body=-	tone=-	otomo=-	deal=0	ap=-	strikeAnim=false	anim=-	lock=1579	disp=0	pair=-	scale=-1 1	intent=true	hs=false
pc	taiyo-ryujin	after	R1	鉄壁の構え	GUARD	brace	body=rl-brace	tone=-	otomo=-	deal=0	ap=-	strikeAnim=false	anim=rl-brace	lock=288.90000000037253	disp=5	pair=0	scale=-1 1	intent=true	hs=false
pc	taiyo-ryujin	after	R2	予言	TEMPO	deal	body=-	tone=-	otomo=-	deal=2	ap=-	strikeAnim=false	anim=-	lock=290.59999999962747	disp=0	pair=0	scale=-1 1	intent=true	hs=false
pc	taiyo-ryujin	after	R2	姉御の号令	EMPOWER	rise	body=rl-rise	tone=rl-tone-power	otomo=-	deal=2	ap=-	strikeAnim=false	anim=rl-rise	lock=452.7000000011176	disp=5	pair=0	scale=-1 1	intent=true	hs=false
pc	taiyo-ryujin	after	R2	加護の託宣	GUARD	brace	body=rl-brace	tone=-	otomo=-	deal=0	ap=-	strikeAnim=false	anim=rl-brace	lock=1305	disp=0	pair=0	scale=-1 1	intent=true	hs=false
pc	taiyo-ryujin	after	R3	巫女の舞	MEND	breathe	body=rl-breathe	tone=-	otomo=rl-otomo-subtle	deal=0	ap=-	strikeAnim=false	anim=rl-breathe,rl-otomo-subtle	lock=291.30000000074506	disp=0	pair=0	scale=-1 1	intent=true	hs=false
pc	taiyo-ryujin	after	R3	神楽舞	ATTUNE	rise	body=rl-rise	tone=rl-tone-resonance	otomo=rl-otomo-subtle	deal=0	ap=-	strikeAnim=false	anim=rl-rise,rl-otomo-subtle	lock=288.90000000037253	disp=0	pair=0	scale=-1 1	intent=true	hs=false
pc	taiyo-ryujin	after	R3	一撃	STRIKE	strike	body=-	tone=rl-tone-resonance	otomo=-	deal=0	ap=-	strikeAnim=true	anim=god-strike	lock=867.8999999985099	disp=0	pair=0	scale=-1 1	intent=true	hs=false
pc	taiyo-ryujin	after	R3	導きの託宣	TEMPO	deal	body=-	tone=-	otomo=-	deal=1	ap=rl-ap-flash	strikeAnim=false	anim=-	lock=1726	disp=0	pair=0	scale=-1 1	intent=true	hs=false
pc	taiyo-ryujin	after/reduced	R1	鉄壁の構え	GUARD	brace	body=rl-rim-only	tone=-	otomo=-	deal=0	ap=-	strikeAnim=false	anim=rl-rim-only	lock=294.30000000074506	disp=5	pair=-	scale=-1 1	intent=true	hs=false
pc	taiyo-ryujin	after/reduced	R2	予言	TEMPO	deal	body=-	tone=-	otomo=-	deal=2	ap=-	strikeAnim=false	anim=-	lock=295.69999999925494	disp=0	pair=-	scale=-1 1	intent=true	hs=false
pc	taiyo-ryujin	after/reduced	R2	姉御の号令	EMPOWER	rise	body=rl-rim-only	tone=rl-tone-power	otomo=-	deal=2	ap=-	strikeAnim=false	anim=rl-rim-only	lock=355.2999999988824	disp=5	pair=-	scale=-1 1	intent=true	hs=false
pc	taiyo-ryujin	after/reduced	R2	加護の託宣	GUARD	brace	body=rl-rim-only	tone=-	otomo=-	deal=0	ap=-	strikeAnim=false	anim=rl-rim-only	lock=1342	disp=0	pair=-	scale=-1 1	intent=true	hs=false
pc	taiyo-ryujin	after/reduced	R3	巫女の舞	MEND	breathe	body=rl-rim-only	tone=-	otomo=rl-otomo-rim	deal=0	ap=-	strikeAnim=false	anim=rl-rim-only,rl-otomo-rim	lock=292.69999999925494	disp=0	pair=-	scale=-1 1	intent=true	hs=false
pc	taiyo-ryujin	after/reduced	R3	神楽舞	ATTUNE	rise	body=rl-rim-only	tone=rl-tone-resonance	otomo=rl-otomo-rim	deal=0	ap=-	strikeAnim=false	anim=rl-rim-only,rl-otomo-rim	lock=360	disp=0	pair=-	scale=-1 1	intent=true	hs=false
pc	taiyo-ryujin	after/reduced	R3	一撃	STRIKE	strike	body=-	tone=rl-tone-resonance	otomo=-	deal=0	ap=-	strikeAnim=false	anim=-	lock=330.2000000011176	disp=0	pair=-	scale=-1 1	intent=true	hs=false
pc	taiyo-ryujin	after/reduced	R3	導きの託宣	TEMPO	deal	body=-	tone=-	otomo=-	deal=1	ap=rl-ap-flash	strikeAnim=false	anim=-	lock=1518	disp=0	pair=-	scale=-1 1	intent=true	hs=false
pc	juraku-doukeshi	before	R1	気まぐれ	ATTUNE	rise	body=-	tone=-	otomo=-	deal=0	ap=-	strikeAnim=false	anim=-	lock=288.90000000037253	disp=0	pair=-	scale=-1 1	intent=true	hs=false
pc	juraku-doukeshi	before	R1	悪戯	WEAKEN	stagger	body=-	tone=-	otomo=-	deal=0	ap=-	strikeAnim=false	anim=-	lock=296.40000000037253	disp=0	pair=-	scale=-1 1	intent=true	hs=false
pc	juraku-doukeshi	before	R2	長生きの知恵	GUARD	brace	body=-	tone=-	otomo=-	deal=0	ap=-	strikeAnim=false	anim=-	lock=285.09999999962747	disp=5	pair=-	scale=-1 1	intent=true	hs=false
pc	juraku-doukeshi	before	R2	予言	TEMPO	deal	body=-	tone=-	otomo=-	deal=0	ap=-	strikeAnim=false	anim=-	lock=299.09999999962747	disp=0	pair=-	scale=-1 1	intent=true	hs=false
pc	juraku-doukeshi	before	R2	加護の託宣	GUARD	brace	body=-	tone=-	otomo=-	deal=0	ap=-	strikeAnim=false	anim=-	lock=936	disp=0	pair=-	scale=-1 1	intent=true	hs=false
pc	juraku-doukeshi	before	R3	渾身の一撃	STRIKE	strike	body=-	tone=-	otomo=-	deal=0	ap=-	strikeAnim=true	anim=god-strike-heavy	lock=481.30000000074506	disp=0	pair=-	scale=-1 1	intent=true	hs=false
pc	juraku-doukeshi	before	R4	浄めの光	MEND	breathe	body=-	tone=-	otomo=-	deal=0	ap=-	strikeAnim=false	anim=-	lock=294	disp=0	pair=-	scale=-1 1	intent=true	hs=false
pc	juraku-doukeshi	after	R1	気まぐれ	ATTUNE	rise	body=rl-rise	tone=rl-tone-resonance	otomo=rl-otomo-subtle	deal=0	ap=-	strikeAnim=false	anim=rl-rise,rl-otomo-subtle	lock=293.80000000074506	disp=0	pair=0	scale=-1 1	intent=true	hs=false
pc	juraku-doukeshi	after	R1	悪戯	WEAKEN	stagger	body=rl-stagger	tone=rl-tone-resonance	otomo=-	deal=0	ap=-	strikeAnim=false	anim=rl-stagger	lock=302.90000000037253	disp=0	pair=0	scale=-1 1	intent=true	hs=false
pc	juraku-doukeshi	after	R2	長生きの知恵	GUARD	brace	body=rl-brace	tone=-	otomo=-	deal=0	ap=-	strikeAnim=false	anim=rl-brace	lock=298.7000000011176	disp=5	pair=0	scale=-1 1	intent=true	hs=false
pc	juraku-doukeshi	after	R2	予言	TEMPO	deal	body=-	tone=-	otomo=-	deal=2	ap=-	strikeAnim=false	anim=-	lock=298.19999999925494	disp=0	pair=0	scale=-1 1	intent=true	hs=false
pc	juraku-doukeshi	after	R2	加護の託宣	GUARD	brace	body=rl-brace	tone=-	otomo=-	deal=0	ap=-	strikeAnim=false	anim=rl-brace	lock=1048	disp=0	pair=0	scale=-1 1	intent=true	hs=false
pc	juraku-doukeshi	after	R3	渾身の一撃	STRIKE	strike	body=-	tone=-	otomo=-	deal=0	ap=-	strikeAnim=true	anim=god-strike-heavy	lock=292.5	disp=0	pair=0	scale=-1 1	intent=true	hs=false
pc	juraku-doukeshi	after	R4	浄めの光	MEND	breathe	body=rl-breathe	tone=-	otomo=rl-otomo-subtle	deal=0	ap=-	strikeAnim=false	anim=rl-breathe,rl-otomo-subtle	lock=290.3999999985099	disp=0	pair=0	scale=-1 1	intent=true	hs=false
pc	juraku-doukeshi	after/reduced	R1	気まぐれ	ATTUNE	rise	body=rl-rim-only	tone=rl-tone-resonance	otomo=rl-otomo-rim	deal=0	ap=-	strikeAnim=false	anim=rl-rim-only,rl-otomo-rim	lock=290.5	disp=0	pair=-	scale=-1 1	intent=true	hs=false
pc	juraku-doukeshi	after/reduced	R1	悪戯	WEAKEN	stagger	body=rl-stagger-dim	tone=rl-tone-resonance	otomo=-	deal=0	ap=-	strikeAnim=false	anim=rl-stagger-dim	lock=301.7999999988824	disp=0	pair=-	scale=-1 1	intent=true	hs=false
pc	juraku-doukeshi	after/reduced	R2	長生きの知恵	GUARD	brace	body=rl-rim-only	tone=-	otomo=-	deal=0	ap=-	strikeAnim=false	anim=rl-rim-only	lock=296.7999999988824	disp=5	pair=-	scale=-1 1	intent=true	hs=false
pc	juraku-doukeshi	after/reduced	R2	予言	TEMPO	deal	body=-	tone=-	otomo=-	deal=2	ap=-	strikeAnim=false	anim=-	lock=290.09999999962747	disp=0	pair=-	scale=-1 1	intent=true	hs=false
pc	juraku-doukeshi	after/reduced	R2	加護の託宣	GUARD	brace	body=rl-rim-only	tone=-	otomo=-	deal=0	ap=-	strikeAnim=false	anim=rl-rim-only	lock=1243	disp=0	pair=-	scale=-1 1	intent=true	hs=false
pc	juraku-doukeshi	after/reduced	R3	渾身の一撃	STRIKE	strike	body=-	tone=-	otomo=-	deal=0	ap=-	strikeAnim=false	anim=-	lock=486.90000000037253	disp=0	pair=-	scale=-1 1	intent=true	hs=false
pc	juraku-doukeshi	after/reduced	R4	浄めの光	MEND	breathe	body=rl-rim-only	tone=-	otomo=rl-otomo-rim	deal=0	ap=-	strikeAnim=false	anim=rl-rim-only,rl-otomo-rim	lock=322.09999999962747	disp=0	pair=-	scale=-1 1	intent=true	hs=false
sp	taiyo-ryujin	before	R1	鉄壁の構え	GUARD	brace	body=-	tone=-	otomo=-	deal=0	ap=-	strikeAnim=false	anim=-	lock=287.5	disp=0	pair=-	scale=-1 1	intent=true	hs=false
sp	taiyo-ryujin	before	R2	予言	TEMPO	deal	body=-	tone=-	otomo=-	deal=0	ap=-	strikeAnim=false	anim=-	lock=295	disp=0	pair=-	scale=-1 1	intent=true	hs=false
sp	taiyo-ryujin	before	R2	姉御の号令	EMPOWER	rise	body=-	tone=-	otomo=-	deal=0	ap=-	strikeAnim=false	anim=-	lock=290	disp=0	pair=-	scale=-1 1	intent=true	hs=false
sp	taiyo-ryujin	before	R2	加護の託宣	GUARD	brace	body=-	tone=-	otomo=-	deal=0	ap=-	strikeAnim=false	anim=-	lock=1123	disp=15	pair=-	scale=-1 1	intent=true	hs=false
sp	taiyo-ryujin	before	R3	巫女の舞	MEND	breathe	body=-	tone=-	otomo=-	deal=0	ap=-	strikeAnim=false	anim=-	lock=294.40000000037253	disp=0	pair=-	scale=-1 1	intent=true	hs=false
sp	taiyo-ryujin	before	R3	神楽舞	ATTUNE	rise	body=-	tone=-	otomo=-	deal=0	ap=-	strikeAnim=false	anim=-	lock=342.40000000037253	disp=15	pair=-	scale=-1 1	intent=true	hs=false
sp	taiyo-ryujin	before	R3	一撃	STRIKE	strike	body=-	tone=-	otomo=-	deal=0	ap=-	strikeAnim=true	anim=god-strike	lock=322.5	disp=0	pair=-	scale=-1 1	intent=true	hs=false
sp	taiyo-ryujin	before	R3	導きの託宣	TEMPO	deal	body=-	tone=-	otomo=-	deal=0	ap=-	strikeAnim=false	anim=-	lock=1464	disp=15	pair=-	scale=-1 1	intent=true	hs=false
sp	taiyo-ryujin	after	R1	鉄壁の構え	GUARD	brace	body=rl-brace	tone=-	otomo=-	deal=0	ap=-	strikeAnim=false	anim=rl-brace	lock=308	disp=0	pair=0	scale=-1 1	intent=true	hs=false
sp	taiyo-ryujin	after	R2	予言	TEMPO	deal	body=-	tone=-	otomo=-	deal=2	ap=-	strikeAnim=false	anim=-	lock=290.6000000014901	disp=0	pair=0	scale=-1 1	intent=true	hs=false
sp	taiyo-ryujin	after	R2	姉御の号令	EMPOWER	rise	body=rl-rise	tone=rl-tone-power	otomo=-	deal=2	ap=-	strikeAnim=false	anim=rl-rise	lock=294.40000000037253	disp=0	pair=0	scale=-1 1	intent=true	hs=false
sp	taiyo-ryujin	after	R2	加護の託宣	GUARD	brace	body=rl-brace	tone=-	otomo=-	deal=0	ap=-	strikeAnim=false	anim=rl-brace	lock=1155	disp=15	pair=0	scale=-1 1	intent=true	hs=false
sp	taiyo-ryujin	after	R3	巫女の舞	MEND	breathe	body=rl-breathe	tone=-	otomo=rl-otomo-subtle	deal=0	ap=-	strikeAnim=false	anim=rl-breathe,rl-otomo-subtle	lock=291.59999999962747	disp=0	pair=0	scale=-1 1	intent=true	hs=false
sp	taiyo-ryujin	after	R3	神楽舞	ATTUNE	rise	body=rl-rise	tone=rl-tone-resonance	otomo=rl-otomo-subtle	deal=0	ap=-	strikeAnim=false	anim=rl-rise,rl-otomo-subtle	lock=338.7999999988824	disp=15	pair=0	scale=-1 1	intent=true	hs=false
sp	taiyo-ryujin	after	R3	一撃	STRIKE	strike	body=-	tone=rl-tone-resonance	otomo=-	deal=0	ap=-	strikeAnim=true	anim=god-strike	lock=328.7000000011176	disp=0	pair=0	scale=-1 1	intent=true	hs=false
sp	taiyo-ryujin	after	R3	導きの託宣	TEMPO	deal	body=-	tone=-	otomo=-	deal=1	ap=rl-ap-flash	strikeAnim=false	anim=-	lock=1519	disp=15	pair=0	scale=-1 1	intent=true	hs=false
sp	juraku-doukeshi	before	R1	気まぐれ	ATTUNE	rise	body=-	tone=-	otomo=-	deal=0	ap=-	strikeAnim=false	anim=-	lock=293.5	disp=0	pair=-	scale=-1 1	intent=true	hs=false
sp	juraku-doukeshi	before	R1	悪戯	WEAKEN	stagger	body=-	tone=-	otomo=-	deal=0	ap=-	strikeAnim=false	anim=-	lock=294.30000000074506	disp=17	pair=-	scale=-1 1	intent=true	hs=false
sp	juraku-doukeshi	before	R2	長生きの知恵	GUARD	brace	body=-	tone=-	otomo=-	deal=0	ap=-	strikeAnim=false	anim=-	lock=288.69999999925494	disp=0	pair=-	scale=-1 1	intent=true	hs=false
sp	juraku-doukeshi	before	R2	予言	TEMPO	deal	body=-	tone=-	otomo=-	deal=0	ap=-	strikeAnim=false	anim=-	lock=297.59999999962747	disp=0	pair=-	scale=-1 1	intent=true	hs=false
sp	juraku-doukeshi	before	R2	加護の託宣	GUARD	brace	body=-	tone=-	otomo=-	deal=0	ap=-	strikeAnim=false	anim=-	lock=1166	disp=15	pair=-	scale=-1 1	intent=true	hs=false
sp	juraku-doukeshi	before	R3	渾身の一撃	STRIKE	strike	body=-	tone=-	otomo=-	deal=0	ap=-	strikeAnim=true	anim=god-strike-heavy	lock=317.80000000074506	disp=17	pair=-	scale=-1 1	intent=true	hs=false
sp	juraku-doukeshi	before	R4	浄めの光	MEND	breathe	body=-	tone=-	otomo=-	deal=0	ap=-	strikeAnim=false	anim=-	lock=287.40000000037253	disp=17	pair=-	scale=-1 1	intent=true	hs=false
sp	juraku-doukeshi	after	R1	気まぐれ	ATTUNE	rise	body=rl-rise	tone=rl-tone-resonance	otomo=rl-otomo-subtle	deal=0	ap=-	strikeAnim=false	anim=rl-rise,rl-otomo-subtle	lock=291.09999999962747	disp=0	pair=0	scale=-1 1	intent=true	hs=false
sp	juraku-doukeshi	after	R1	悪戯	WEAKEN	stagger	body=rl-stagger	tone=rl-tone-resonance	otomo=-	deal=0	ap=-	strikeAnim=false	anim=rl-stagger	lock=286.90000000037253	disp=17	pair=0	scale=-1 1	intent=true	hs=false
sp	juraku-doukeshi	after	R2	長生きの知恵	GUARD	brace	body=rl-brace	tone=-	otomo=-	deal=0	ap=-	strikeAnim=false	anim=rl-brace	lock=303.19999999925494	disp=0	pair=0	scale=-1 1	intent=true	hs=false
sp	juraku-doukeshi	after	R2	予言	TEMPO	deal	body=-	tone=-	otomo=-	deal=2	ap=-	strikeAnim=false	anim=-	lock=287.30000000074506	disp=0	pair=0	scale=-1 1	intent=true	hs=false
sp	juraku-doukeshi	after	R2	加護の託宣	GUARD	brace	body=rl-brace	tone=-	otomo=-	deal=0	ap=-	strikeAnim=false	anim=rl-brace	lock=1179	disp=15	pair=0	scale=-1 1	intent=true	hs=false
sp	juraku-doukeshi	after	R3	渾身の一撃	STRIKE	strike	body=-	tone=-	otomo=-	deal=0	ap=-	strikeAnim=true	anim=god-strike-heavy	lock=338.09999999962747	disp=17	pair=0	scale=-1 1	intent=true	hs=false
sp	juraku-doukeshi	after	R4	浄めの光	MEND	breathe	body=rl-breathe	tone=-	otomo=rl-otomo-subtle	deal=0	ap=-	strikeAnim=false	anim=rl-breathe,rl-otomo-subtle	lock=297.30000000074506	disp=17	pair=0	scale=-1 1	intent=true	hs=false