pc	試練の影	scale none→-1 1	avatarBox=false	hit=true	player=false	lunge avatar 16.1→16.1 wrap 0.2→0.2	err 0/0	hScroll false
pc	業斧の鬼将	scale none→-1 1	avatarBox=true	hit=true	player=true	lunge avatar 11.6→16.1 wrap 0.2→0.2	err 0/0	hScroll false
pc	藍花の怨霊	scale none→-1 1	avatarBox=false	hit=true	player=false	lunge avatar 16.1→14.6 wrap 0.2→0.2	err 0/0	hScroll false
pc	銀甲の機工師	scale none→-1 1	avatarBox=false	hit=true	player=false	lunge avatar 15.6→15.6 wrap 0.2→0.2	err 0/0	hScroll false
pc	双牙の魔獣	scale none→-1 1	avatarBox=true	hit=true	player=false	lunge avatar 26.2→19.1 wrap 26.2→19.1	err 0/0	hScroll false
pc	蒼海の龍神	scale none→-1 1	avatarBox=true	hit=true	player=true	lunge avatar 16.1→16.1 wrap 0.2→0.2	err 0/0	hScroll false
pc	乱舞の道化	scale none→-1 1	avatarBox=true	hit=true	player=false	lunge avatar 15.6→16.1 wrap 0.2→0.2	err 0/0	hScroll false
pc2	試練の影	scale none→-1 1	avatarBox=false	hit=true	player=false	lunge avatar 15.6→15.1 wrap 0.2→0.2	err 0/0	hScroll false
pc2	業斧の鬼将	scale none→-1 1	avatarBox=false	hit=true	player=false	lunge avatar 14.6→14.6 wrap 0.2→0.2	err 0/0	hScroll false
pc2	藍花の怨霊	scale none→-1 1	avatarBox=true	hit=true	player=false	lunge avatar 15.6→14.6 wrap 0.2→0.2	err 0/0	hScroll false
pc2	銀甲の機工師	scale none→-1 1	avatarBox=false	hit=true	player=false	lunge avatar 13.9→14.6 wrap 0.2→0.2	err 0/0	hScroll false
pc2	双牙の魔獣	scale none→-1 1	avatarBox=false	hit=true	player=false	lunge avatar 19.1→26.2 wrap 19.1→26.2	err 0/0	hScroll false
pc2	蒼海の龍神	scale none→-1 1	avatarBox=false	hit=true	player=true	lunge avatar 16.1→15.1 wrap 0.2→0.2	err 0/0	hScroll false
pc2	乱舞の道化	scale none→-1 1	avatarBox=false	hit=true	player=false	lunge avatar 15.6→13.9 wrap 0.2→0.2	err 0/0	hScroll false
sp	試練の影	scale -1 1→-1 1	avatarBox=true	hit=true	player=true	lunge avatar 15.7→15.7 wrap 0.3→0.3	err 0/0	hScroll false
sp	業斧の鬼将	scale -1 1→-1 1	avatarBox=false	hit=true	player=true	lunge avatar 15.3→15.7 wrap 0.3→0.3	err 0/0	hScroll false
sp	藍花の怨霊	scale -1 1→-1 1	avatarBox=true	hit=true	player=true	lunge avatar 14.7→14.7 wrap 0.3→0.3	err 0/0	hScroll false
sp	銀甲の機工師	scale -1 1→-1 1	avatarBox=true	hit=true	player=true	lunge avatar 14.7→14 wrap 0.3→0.3	err 0/0	hScroll false
sp	双牙の魔獣	scale -1 1→-1 1	avatarBox=true	hit=true	player=true	lunge avatar 19.3→19.6 wrap 19.3→19.6	err 0/0	hScroll false
sp	蒼海の龍神	scale -1 1→-1 1	avatarBox=false	hit=true	player=true	lunge avatar 15.4→15.3 wrap 0.3→0.3	err 0/0	hScroll false
sp	乱舞の道化	scale -1 1→-1 1	avatarBox=true	hit=true	player=true	lunge avatar 14.7→14 wrap 0.3→0.3	err 0/0	hScroll false