label	burst	cutin+	poster+	video+	is-video	unlock	banner+	exiting	media:ended	cutin-	impactAt	stop	evolve+	dropped/total	mp4 req	hScroll	errors	resErr	enemyHp post	result
pc-before	R5	0	0	22	63	1448	1448	1448		1786	1600	80ms	2783	12/33	206:342	false	0	0	蒼海の龍神【耐久型】R4の大海嘯。長い波を受け続けろ。190 / 1,030特大 160	敗北敵の残りHP 120 / 1,030予告された攻撃5回のうち、無傷で受け切った攻撃はありませんでした（盾で防いだ量 
pc-after	R5	0	0	3	33	1318	1318		1267	1318	1600	80ms	3025	11/33	206:143	false	0	0	蒼海の龍神【耐久型】R4の大海嘯。長い波を受け続けろ。190 / 1,030特大 160	敗北敵の残りHP 120 / 1,030予告された攻撃5回のうち、無傷で受け切った攻撃はありませんでした（盾で防いだ量 
sp-before	R5	0	0	3	188	1082	1082	1082	1250	1253	1600	80ms	2105	2/33	206:342	false	0	0	蒼海の龍神【耐久型】R4の大海嘯。長い波を受け続けろ。190 / 1,030特大 160	敗北敵の残りHP 120 / 1,030予告された攻撃5回のうち、無傷で受け切った攻撃はありませんでした（盾で防いだ量 
sp-after	R5	0	1	15	129	2278	2278		2274	2278	1600	80ms	6237	13/33	206:143	false	0	0	蒼海の龍神【耐久型】R4の大海嘯。長い波を受け続けろ。190 / 1,030特大 160	敗北敵の残りHP 120 / 1,030予告された攻撃5回のうち、無傷で受け切った攻撃はありませんでした（盾で防いだ量 
pc-after-reduced	R5	0				1226	1226			1226	1600	0ms	2578	-		false	0	0	蒼海の龍神【耐久型】R4の大海嘯。長い波を受け続けろ。190 / 1,030特大 160	敗北敵の残りHP 120 / 1,030予告された攻撃5回のうち、無傷で受け切った攻撃はありませんでした（盾で防いだ量 
pc-after-404	R5	0				1311	1311			1311	1600	80ms	2436	-	404:41	false	0	1	蒼海の龍神【耐久型】R4の大海嘯。長い波を受け続けろ。190 / 1,030特大 160	敗北敵の残りHP 120 / 1,030予告された攻撃5回のうち、無傷で受け切った攻撃はありませんでした（盾で防いだ量 
pc-after-stall	R5	0				1319	1319			1319	1600	80ms	2442	-		false	0	0	蒼海の龍神【耐久型】R4の大海嘯。長い波を受け続けろ。190 / 1,030特大 160	敗北敵の残りHP 120 / 1,030予告された攻撃5回のうち、無傷で受け切った攻撃はありませんでした（盾で防いだ量 
pc-after-cache	R5	0	0	16	41	1305	1305		1289	1305	1600	80ms	2502	12/33	206:143,206:73	false	0	0	蒼海の龍神【耐久型】R4の大海嘯。長い波を受け続けろ。190 / 1,030特大 160	敗北敵の残りHP 120 / 1,030予告された攻撃5回のうち、無傷で受け切った攻撃はありませんでした（盾で防いだ量 
pc-after-cache/b2	R5	0	0	1	40	1319	1319	1319	1349	1352	1600	80ms	2516	10/33	206:143,206:73	false	0	0	蒼海の龍神【耐久型】R4の大海嘯。長い波を受け続けろ。190 / 1,030特大 160	敗北敵の残りHP 120 / 1,030予告された攻撃5回のうち、無傷で受け切った攻撃はありませんでした（盾で防いだ量 
pc-before-noshot	R5	0	0	3	423	1308	1308	1308	1359	1361	1600	80ms	2620	5/33	206:342	false	0	0	蒼海の龍神【耐久型】R4の大海嘯。長い波を受け続けろ。190 / 1,030特大 160	敗北敵の残りHP 120 / 1,030予告された攻撃5回のうち、無傷で受け切った攻撃はありませんでした（盾で防いだ量 
pc-after-noshot	R5	0	1	4	303	1315	1315	1315	1386	1390	1600	80ms	2749	0/33	206:150	false	0	0	蒼海の龍神【耐久型】R4の大海嘯。長い波を受け続けろ。190 / 1,030特大 160	敗北敵の残りHP 120 / 1,030予告された攻撃5回のうち、無傷で受け切った攻撃はありませんでした（盾で防いだ量 
sp-before-noshot	R5	0	1	4	262	1187	1187	1187	1274	1276	1600	80ms	2209	7/33	206:342	false	0	0	蒼海の龍神【耐久型】R4の大海嘯。長い波を受け続けろ。190 / 1,030特大 160	敗北敵の残りHP 120 / 1,030予告された攻撃5回のうち、無傷で受け切った攻撃はありませんでした（盾で防いだ量 
sp-after-noshot	R5	0	0	2	30	1028	1028	1028	1245	1247	1600	80ms	2005	4/33	206:188	false	0	0	蒼海の龍神【耐久型】R4の大海嘯。長い波を受け続けろ。190 / 1,030特大 160	敗北敵の残りHP 120 / 1,030予告された攻撃5回のうち、無傷で受け切った攻撃はありませんでした（盾で防いだ量 
pc-after-shot	R5	0	1	10	343	1313	1313		1252	1313	1600	80ms	2804	6/33	206:144	false	0	0	蒼海の龍神【耐久型】R4の大海嘯。長い波を受け続けろ。190 / 1,030特大 160	敗北敵の残りHP 120 / 1,030予告された攻撃5回のうち、無傷で受け切った攻撃はありませんでした（盾で防いだ量 
sp-after-shot	R5	0	0	3	82	2794	2794		2791	2794	1600	80ms	4381	4/33	206:207	false	0	0	蒼海の龍神【耐久型】R4の大海嘯。長い波を受け続けろ。190 / 1,030特大 160	敗北敵の残りHP 120 / 1,030予告された攻撃5回のうち、無傷で受け切った攻撃はありませんでした（盾で防いだ量 