pc	試練の影	scale -1 1	lunge avatar 14.6 wrap 0.2	err 0	hScroll false	
pc	業斧の鬼将	scale -1 1	lunge avatar 15.6 wrap 0.2	err 0	hScroll false	
pc	藍花の怨霊	scale -1 1	lunge avatar 15.6 wrap 0.2	err 0	hScroll false	
pc	銀甲の機工師	scale -1 1	lunge avatar 16.1 wrap 0.2	err 0	hScroll false	
pc	双牙の魔獣	scale -1 1	lunge avatar 13.4 wrap 13.4	err 0	hScroll false	
pc	蒼海の龍神	scale -1 1	lunge avatar 15.2 wrap 0.2	err 0	hScroll false	
pc	乱舞の道化	scale -1 1	lunge avatar 14.6 wrap 0.2	err 0	hScroll false	
pc2	試練の影	scale -1 1	lunge avatar 14.6 wrap 0.2	err 0	hScroll false	
pc2	業斧の鬼将	scale -1 1	lunge avatar 16.1 wrap 0.2	err 0	hScroll false	
pc2	藍花の怨霊	scale -1 1	lunge avatar 15.6 wrap 0.2	err 0	hScroll false	
pc2	銀甲の機工師	scale -1 1	lunge avatar 16.1 wrap 0.2	err 0	hScroll false	
pc2	双牙の魔獣	scale -1 1	lunge avatar 13.4 wrap 13.4	err 0	hScroll false	
pc2	蒼海の龍神	scale -1 1	lunge avatar 15.7 wrap 0.2	err 0	hScroll false	
pc2	乱舞の道化	scale -1 1	lunge avatar 16.1 wrap 0.2	err 0	hScroll false	
sp	試練の影	scale -1 1	lunge avatar 16.3 wrap 0.3	err 0	hScroll false	
sp	業斧の鬼将	scale -1 1	lunge avatar 14 wrap 0.3	err 0	hScroll false	
sp	藍花の怨霊	scale -1 1	lunge avatar 14 wrap 0.3	err 0	hScroll false	
sp	銀甲の機工師	scale -1 1	lunge avatar 16.3 wrap 0.3	err 0	hScroll false	
sp	双牙の魔獣	scale -1 1	lunge avatar 19.6 wrap 19.6	err 0	hScroll false	
sp	蒼海の龍神	scale -1 1	lunge avatar 15 wrap 0.3	err 0	hScroll false	
sp	乱舞の道化	scale -1 1	lunge avatar 14.7 wrap 0.3	err 0	hScroll false	